{
    "name": "root",
    "gauges": {
        "DumFugl.Policy.Entropy.mean": {
            "value": 0.25473037362098694,
            "min": 0.1927405744791031,
            "max": 0.6445050835609436,
            "count": 43
        },
        "DumFugl.Policy.Entropy.sum": {
            "value": 249.63575744628906,
            "min": 194.8607177734375,
            "max": 652.2391357421875,
            "count": 43
        },
        "DumFugl.Environment.EpisodeLength.mean": {
            "value": 432.3333333333333,
            "min": 62.5625,
            "max": 432.5,
            "count": 43
        },
        "DumFugl.Environment.EpisodeLength.sum": {
            "value": 1297.0,
            "min": 656.0,
            "max": 1383.0,
            "count": 43
        },
        "DumFugl.Step.mean": {
            "value": 42952.0,
            "min": 993.0,
            "max": 42952.0,
            "count": 43
        },
        "DumFugl.Step.sum": {
            "value": 42952.0,
            "min": 993.0,
            "max": 42952.0,
            "count": 43
        },
        "DumFugl.Policy.ExtrinsicValueEstimate.mean": {
            "value": 2.401458263397217,
            "min": -0.5417616367340088,
            "max": 2.401458263397217,
            "count": 43
        },
        "DumFugl.Policy.ExtrinsicValueEstimate.sum": {
            "value": 38.42333221435547,
            "min": -12.460517883300781,
            "max": 40.171424865722656,
            "count": 43
        },
        "DumFugl.Environment.CumulativeReward.mean": {
            "value": 10.0,
            "min": -0.8461538461538461,
            "max": 10.0,
            "count": 43
        },
        "DumFugl.Environment.CumulativeReward.sum": {
            "value": 20.0,
            "min": -11.0,
            "max": 29.0,
            "count": 43
        },
        "DumFugl.Policy.ExtrinsicReward.mean": {
            "value": 10.0,
            "min": -0.8461538461538461,
            "max": 10.0,
            "count": 43
        },
        "DumFugl.Policy.ExtrinsicReward.sum": {
            "value": 20.0,
            "min": -11.0,
            "max": 29.0,
            "count": 43
        },
        "DumFugl.Losses.PolicyLoss.mean": {
            "value": 0.23974696190316996,
            "min": 0.21763276031294282,
            "max": 0.26764411958167655,
            "count": 43
        },
        "DumFugl.Losses.PolicyLoss.sum": {
            "value": 1.9179756952253597,
            "min": 1.635990930306958,
            "max": 2.1411529566534124,
            "count": 43
        },
        "DumFugl.Losses.ValueLoss.mean": {
            "value": 0.014820243220229814,
            "min": 0.014820243220229814,
            "max": 0.37859735017344875,
            "count": 43
        },
        "DumFugl.Losses.ValueLoss.sum": {
            "value": 0.11856194576183851,
            "min": 0.11856194576183851,
            "max": 3.02877880138759,
            "count": 43
        },
        "DumFugl.Policy.LearningRate.mean": {
            "value": 0.0002974492283502575,
            "min": 0.0002974492283502575,
            "max": 0.00029996704286812853,
            "count": 43
        },
        "DumFugl.Policy.LearningRate.sum": {
            "value": 0.00237959382680206,
            "min": 0.0020901325232891596,
            "max": 0.00269703678098774,
            "count": 43
        },
        "DumFugl.Policy.Epsilon.mean": {
            "value": 0.1991497425,
            "min": 0.1991497425,
            "max": 0.1999890142857143,
            "count": 43
        },
        "DumFugl.Policy.Epsilon.sum": {
            "value": 1.59319794,
            "min": 1.3967108400000001,
            "max": 1.79901226,
            "count": 43
        },
        "DumFugl.Policy.Beta.mean": {
            "value": 0.0005,
            "min": 0.0005,
            "max": 0.0005,
            "count": 43
        },
        "DumFugl.Policy.Beta.sum": {
            "value": 0.004,
            "min": 0.0035,
            "max": 0.0045000000000000005,
            "count": 43
        },
        "DumFugl.IsTraining.mean": {
            "value": 1.0,
            "min": 1.0,
            "max": 1.0,
            "count": 43
        },
        "DumFugl.IsTraining.sum": {
            "value": 1.0,
            "min": 1.0,
            "max": 1.0,
            "count": 43
        }
    },
    "metadata": {
        "timer_format_version": "0.1.0",
        "start_time_seconds": "1709387240",
        "python_version": "3.9.13 (tags/v3.9.13:6de2ca5, May 17 2022, 16:36:42) [MSC v.1929 64 bit (AMD64)]",
        "command_line_arguments": "C:\\Users\\August\\Bootleg-Flappy-Bird\\venv\\Scripts\\mlagents-learn config/DumFugl.yaml --time-scale=10 --run-id=new_and_improved --force",
        "mlagents_version": "0.30.0",
        "mlagents_envs_version": "0.30.0",
        "communication_protocol_version": "1.5.0",
        "pytorch_version": "2.2.1+cpu",
        "numpy_version": "1.21.2",
        "end_time_seconds": "1709387362"
    },
    "total": 122.30538150000001,
    "count": 1,
    "self": 0.0024929000000071255,
    "children": {
        "run_training.setup": {
            "total": 0.04810000000000003,
            "count": 1,
            "self": 0.04810000000000003
        },
        "TrainerController.start_learning": {
            "total": 122.2547886,
            "count": 1,
            "self": 0.3379112000011304,
            "children": {
                "TrainerController._reset_env": {
                    "total": 6.390055500000001,
                    "count": 1,
                    "self": 6.390055500000001
                },
                "TrainerController.advance": {
                    "total": 115.47644819999887,
                    "count": 43764,
                    "self": 0.3146241999968282,
                    "children": {
                        "env_step": {
                            "total": 83.59915550000092,
                            "count": 43764,
                            "self": 63.66152890000278,
                            "children": {
                                "SubprocessEnvManager._take_step": {
                                    "total": 19.713816699998883,
                                    "count": 43764,
                                    "self": 1.0021772999979959,
                                    "children": {
                                        "TorchPolicy.evaluate": {
                                            "total": 18.711639400000887,
                                            "count": 43584,
                                            "self": 18.711639400000887
                                        }
                                    }
                                },
                                "workers": {
                                    "total": 0.2238098999992566,
                                    "count": 43763,
                                    "self": 0.0,
                                    "children": {
                                        "worker_root": {
                                            "total": 115.45476120000093,
                                            "count": 43763,
                                            "is_parallel": true,
                                            "self": 68.25293100000121,
                                            "children": {
                                                "steps_from_proto": {
                                                    "total": 0.00024129999999988883,
                                                    "count": 1,
                                                    "is_parallel": true,
                                                    "self": 0.00012599999999984846,