{
    "name": "root",
    "gauges": {
        "DumFugl.Policy.Entropy.mean": {
            "value": 0.09768619388341904,
            "min": 0.07934239506721497,
            "max": 0.477843701839447,
            "count": 11
        },
        "DumFugl.Policy.Entropy.sum": {
            "value": 198.40066528320312,
            "min": 160.50965881347656,
            "max": 963.3328857421875,
            "count": 11
        },
        "DumFugl.Step.mean": {
            "value": 21970.0,
            "min": 1952.0,
            "max": 21970.0,
            "count": 11
        },
        "DumFugl.Step.sum": {
            "value": 21970.0,
            "min": 1952.0,
            "max": 21970.0,
            "count": 11
        },
        "DumFugl.Policy.ExtrinsicValueEstimate.mean": {
            "value": -0.21911609172821045,
            "min": -0.7980060577392578,
            "max": 0.17417994141578674,
            "count": 11
        },
        "DumFugl.Policy.ExtrinsicValueEstimate.sum": {
            "value": -7.888179302215576,
            "min": -31.122236251831055,
            "max": 6.270477771759033,
            "count": 11
        },
        "DumFugl.Environment.EpisodeLength.mean": {
            "value": 261.7142857142857,
            "min": 74.96666666666667,
            "max": 311.5,
            "count": 11
        },
        "DumFugl.Environment.EpisodeLength.sum": {
            "value": 1832.0,
            "min": 1832.0,
            "max": 2249.0,
            "count": 11
        },
        "DumFugl.Environment.CumulativeReward.mean": {
            "value": -0.2857142857142857,
            "min": -1.0,
            "max": 0.6666666666666666,
            "count": 11
        },
        "DumFugl.Environment.CumulativeReward.sum": {
            "value": -2.0,
            "min": -24.0,
            "max": 4.0,
            "count": 11
        },
        "DumFugl.Policy.ExtrinsicReward.mean": {
            "value": -0.2857142857142857,
            "min": -1.0,
            "max": 0.6666666666666666,
            "count": 11
        },
        "DumFugl.Policy.ExtrinsicReward.sum": {
            "value": -2.0,
            "min": -24.0,
            "max": 4.0,
            "count": 11
        },
        "DumFugl.Losses.PolicyLoss.mean": {
            "value": 0.2621545320931994,
            "min": 0.2395668205744482,
            "max": 0.2621545320931994,
            "count": 11
        },
        "DumFugl.Losses.PolicyLoss.sum": {
            "value": 3.932317981397991,
            "min": 3.3749585092909884,
            "max": 3.9615509177595505,
            "count": 11
        },
        "DumFugl.Losses.ValueLoss.mean": {
            "value": 0.06883355659435068,
            "min": 0.015880188844998734,
            "max": 0.11654589102808713,
            "count": 11
        },
        "DumFugl.Losses.ValueLoss.sum": {
            "value": 1.0325033489152602,
            "min": 0.25408302151997975,
            "max": 1.864734256449394,
            "count": 11
        },
        "DumFugl.Policy.LearningRate.mean": {
            "value": 0.00029873932042022666,
            "min": 0.00029873932042022666,
            "max": 0.00029994053144839425,
            "count": 11
        },
        "DumFugl.Policy.LearningRate.sum": {
            "value": 0.0044810898063034,
            "min": 0.004185689224770259,
            "max": 0.00479716758094414,
            "count": 11
        },
        "DumFugl.Policy.Epsilon.mean": {
            "value": 0.19957977333333335,
            "min": 0.19957977333333335,
            "max": 0.19998017714285712,
            "count": 11
        },
        "DumFugl.Policy.Epsilon.sum": {
            "value": 2.9936966000000003,
            "min": 2.79522974,
            "max": 3.19905586,
            "count": 11
        },
        "DumFugl.Policy.Beta.mean": {
            "value": 0.0005000000000000002,
            "min": 0.0005,
            "max": 0.0005000000000000002,
            "count": 11
        },
        "DumFugl.Policy.Beta.sum": {
            "value": 0.007500000000000003,
            "min": 0.007000000000000003,
            "max": 0.008,
            "count": 11
        },
        "DumFugl.IsTraining.mean": {
            "value": 1.0,
            "min": 1.0,
            "max": 1.0,
            "count": 11
        },
        "DumFugl.IsTraining.sum": {
            "value": 1.0,
            "min": 1.0,
            "max": 1.0,
            "count": 11
        }
    },
    "metadata": {
        "timer_format_version": "0.1.0",
        "start_time_seconds": "1709292597",
        "python_version": "3.9.13 (tags/v3.9.13:6de2ca5, May 17 2022, 16:36:42) [MSC v.1929 64 bit (AMD64)]",
        "command_line_arguments": "C:\\Users\\noahk\\Documents\\Unity projects\\Bootleg Flappy Bird\\.venv\\Scripts\\mlagents-learn config/DumFugl.yaml --force --time-scale=0.3 --run-id=L",
        "mlagents_version": "0.30.0",
        "mlagents_envs_version": "0.30.0",
        "communication_protocol_version": "1.5.0",
        "pytorch_version": "2.2.1+cpu",
        "numpy_version": "1.21.2",
        "end_time_seconds": "1709292763"
    },
    "total": 165.67401329999998,
    "count": 1,
    "self": 0.0041477999999983695,
    "children": {
        "run_training.setup": {
            "total": 0.07694219999999996,
            "count": 1,
            "self": 0.07694219999999996
        },
        "TrainerController.start_learning": {
            "total": 165.5929233,
            "count": 1,
            "self": 0.4791157000007047,
            "children": {
                "TrainerController._reset_env": {
                    "total": 8.399568400000001,
                    "count": 1,
                    "self": 8.399568400000001
                },
                "TrainerController.advance": {
                    "total": 156.6462887999993,
                    "count": 22143,
                    "self": 0.4041287000009959,
                    "children": {
                        "env_step": {
                            "total": 132.0428912999995,
                            "count": 22143,
                            "self": 109.99782719999764,
                            "children": {
                                "SubprocessEnvManager._take_step": {
                                    "total": 21.761551000000516,
                                    "count": 22143,
                                    "self": 1.058109100000081,
                                    "children": {
                                        "TorchPolicy.evaluate": {
                                            "total": 20.703441900000435,
                                            "count": 22143,
                                            "self": 20.703441900000435
                                        }
                                    }
                                },
                                "workers": {
                                    "total": 0.28351310000133445,
                                    "count": 22142,
                                    "self": 0.0,
                                    "children": {
                                        "worker_root": {
                                            "total": 142.86913510000164,
                                            "count": 22142,
                                            "is_parallel": true,
                                            "self": 66.64084150000171,
                                            "children": {
                                                "steps_from_proto": {
                                                    "total": 0.00042730000000013035,
                                                    "count": 1,
                                                    "is_parallel": true,
                                                    "self": 0.0002461999999994191,