{
    "name": "root",
    "gauges": {
        "DumFugl.Policy.Entropy.mean": {
            "value": 0.4019705653190613,
            "min": 0.2822451889514923,
            "max": 0.6849144101142883,
            "count": 110
        },
        "DumFugl.Policy.Entropy.sum": {
            "value": 457.04052734375,
            "min": 265.6353759765625,
            "max": 965.04443359375,
            "count": 110
        },
        "DumFugl.Environment.EpisodeLength.mean": {
            "value": 665.6666666666666,
            "min": 38.0,
            "max": 666.0,
            "count": 97
        },
        "DumFugl.Environment.EpisodeLength.sum": {
            "value": 1997.0,
            "min": 38.0,
            "max": 3537.0,
            "count": 97
        },
        "DumFugl.Step.mean": {
            "value": 109984.0,
            "min": 999.0,
            "max": 109984.0,
            "count": 110
        },
        "DumFugl.Step.sum": {
            "value": 109984.0,
            "min": 999.0,
            "max": 109984.0,
            "count": 110
        },
        "DumFugl.Policy.ExtrinsicValueEstimate.mean": {
            "value": 2.641775369644165,
            "min": -0.7757715582847595,
            "max": 2.820915937423706,
            "count": 110
        },
        "DumFugl.Policy.ExtrinsicValueEstimate.sum": {
            "value": 47.55195617675781,
            "min": -19.882354736328125,
            "max": 49.222660064697266,
            "count": 110
        },
        "DumFugl.Environment.CumulativeReward.mean": {
            "value": 17.0,
            "min": -1.0,
            "max": 17.0,
            "count": 95
        },
        "DumFugl.Environment.CumulativeReward.sum": {
            "value": 51.0,
            "min": -15.0,
            "max": 84.0,
            "count": 95
        },
        "DumFugl.Policy.ExtrinsicReward.mean": {
            "value": 17.0,
            "min": -1.0,
            "max": 17.0,
            "count": 95
        },
        "DumFugl.Policy.ExtrinsicReward.sum": {
            "value": 51.0,
            "min": -15.0,
            "max": 84.0,
            "count": 95
        },
        "DumFugl.Losses.PolicyLoss.mean": {
            "value": 0.24809941394413723,
            "min": 0.21952710465114575,
            "max": 0.27052899491719157,
            "count": 110
        },
        "DumFugl.Losses.PolicyLoss.sum": {
            "value": 1.7366958976089606,
            "min": 1.2670868007119676,
            "max": 2.1151170391658844,
            "count": 110
        },
        "DumFugl.Losses.ValueLoss.mean": {
            "value": 0.0048460823534629965,
            "min": 0.0017370814490620988,
            "max": 0.49758169467363933,
            "count": 110
        },
        "DumFugl.Losses.ValueLoss.sum": {
            "value": 0.033922576474240976,
            "min": 0.010422488694372593,
            "max": 3.4830718627154753,
            "count": 110
        },
        "DumFugl.Policy.LearningRate.mean": {
            "value": 0.0002934323079035171,
            "min": 0.0002934323079035171,
            "max": 0.00029997125000958335,
            "count": 110
        },
        "DumFugl.Policy.LearningRate.sum": {
            "value": 0.0020540261553246195,
            "min": 0.0014821432859522402,
            "max": 0.0023988031203989596,
            "count": 110
        },
        "DumFugl.Policy.Epsilon.mean": {
            "value": 0.19781076857142854,
            "min": 0.19781076857142854,
            "max": 0.1999904166666667,
            "count": 110
        },
        "DumFugl.Policy.Epsilon.sum": {
            "value": 1.3846753799999998,
            "min": 0.9940477600000001,
            "max": 1.5996010400000003,
            "count": 110
        },
        "DumFugl.Policy.Beta.mean": {
            "value": 0.0005,
            "min": 0.0005,
            "max": 0.0005000000000000001,
            "count": 110
        },
        "DumFugl.Policy.Beta.sum": {
            "value": 0.0035,
            "min": 0.0025,
            "max": 0.004,
            "count": 110
        },
        "DumFugl.IsTraining.mean": {
            "value": 1.0,
            "min": 1.0,
            "max": 1.0,
            "count": 110
        },
        "DumFugl.IsTraining.sum": {
            "value": 1.0,
            "min": 1.0,
            "max": 1.0,
            "count": 110
        }
    },
    "metadata": {
        "timer_format_version": "0.1.0",
        "start_time_seconds": "1709391822",
        "python_version": "3.9.13 (tags/v3.9.13:6de2ca5, May 17 2022, 16:36:42) [MSC v.1929 64 bit (AMD64)]",
        "command_line_arguments": "C:\\Users\\August\\Bootleg-Flappy-Bird\\venv\\Scripts\\mlagents-learn config/DumFugl.yaml --force --time-scale=10 --run-id=Batman --env=Build\\Bootleg-Flappy-Bird --num-envs=20 --no-graphics",
        "mlagents_version": "0.30.0",
        "mlagents_envs_version": "0.30.0",
        "communication_protocol_version": "1.5.0",
        "pytorch_version": "2.2.1+cpu",
        "numpy_version": "1.21.2",
        "end_time_seconds": "1709391993"
    },
    "total": 171.2554332,
    "count": 1,
    "self": 0.3979530999999952,
    "children": {
        "run_training.setup": {
            "total": 1.0170417,
            "count": 1,
            "self": 1.0170417
        },
        "TrainerController.start_learning": {
            "total": 169.8404384,
            "count": 1,
            "self": 0.1882936999987237,
            "children": {
                "TrainerController._reset_env": {
                    "total": 3.7844541,
                    "count": 1,
                    "self": 3.7844541
                },
                "TrainerController.advance": {
                    "total": 165.77749020000127,
                    "count": 5992,
                    "self": 0.07163550000129248,
                    "children": {
                        "env_step": {
                            "total": 73.80307729999977,
                            "count": 5992,
                            "self": 17.321511699997494,
                            "children": {
                                "SubprocessEnvManager._take_step": {
                                    "total": 56.20758130000175,
                                    "count": 111068,
                                    "self": 3.106767800001599,
                                    "children": {
                                        "TorchPolicy.evaluate": {
                                            "total": 53.10081350000015,
                                            "count": 110824,
                                            "self": 53.10081350000015
                                        }
                                    }
                                },
                                "workers": {
                                    "total": 0.2739843000005262,
                                    "count": 5992,
                                    "self": 0.0,
                                    "children": {
                                        "worker_root": {
                                            "total": 3340.7107091000244,
                                            "count": 111066,
                                            "is_parallel": true,
                                            "self": 3219.876157600026,
                                            "children": {
                                                "steps_from_proto": {
                                                    "total": 0.008812400000000498,
                                                    "count": 20,
                                                    "is_parallel": true,
                                                    "self": 0.004889600000000716,