{
    "name": "root",
    "gauges": {
        "DumFugl.Policy.Entropy.mean": {
            "value": 0.2611437737941742,
            "min": 0.08713884651660919,
            "max": 0.630974292755127,
            "count": 70
        },
        "DumFugl.Policy.Entropy.sum": {
            "value": 259.576904296875,
            "min": 88.27165222167969,
            "max": 645.4866943359375,
            "count": 70
        },
        "DumFugl.Environment.EpisodeLength.mean": {
            "value": 432.0,
            "min": 36.13636363636363,
            "max": 432.5,
            "count": 70
        },
        "DumFugl.Environment.EpisodeLength.sum": {
            "value": 864.0,
            "min": 698.0,
            "max": 1354.0,
            "count": 70
        },
        "DumFugl.Step.mean": {
            "value": 69948.0,
            "min": 973.0,
            "max": 69948.0,
            "count": 70
        },
        "DumFugl.Step.sum": {
            "value": 69948.0,
            "min": 973.0,
            "max": 69948.0,
            "count": 70
        },
        "DumFugl.Policy.ExtrinsicValueEstimate.mean": {
            "value": 2.6716859340667725,
            "min": -0.7898631691932678,
            "max": 2.6840920448303223,
            "count": 70
        },
        "DumFugl.Policy.ExtrinsicValueEstimate.sum": {
            "value": 42.74697494506836,
            "min": -17.47418975830078,
            "max": 44.190887451171875,
            "count": 70
        },
        "DumFugl.Environment.CumulativeReward.mean": {
            "value": 10.0,
            "min": -1.0,
            "max": 10.0,
            "count": 70
        },
        "DumFugl.Environment.CumulativeReward.sum": {
            "value": 20.0,
            "min": -20.0,
            "max": 30.0,
            "count": 70
        },
        "DumFugl.Policy.ExtrinsicReward.mean": {
            "value": 10.0,
            "min": -1.0,
            "max": 10.0,
            "count": 70
        },
        "DumFugl.Policy.ExtrinsicReward.sum": {
            "value": 20.0,
            "min": -20.0,
            "max": 30.0,
            "count": 70
        },
        "DumFugl.Losses.PolicyLoss.mean": {
            "value": 0.24116547836260205,
            "min": 0.2166766646534432,
            "max": 0.27614889158624883,
            "count": 70
        },
        "DumFugl.Losses.PolicyLoss.sum": {
            "value": 1.9293238269008164,
            "min": 1.5908360725840507,
            "max": 2.393453303394096,
            "count": 70
        },
        "DumFugl.Losses.ValueLoss.mean": {
            "value": 0.004358487609287561,
            "min": 0.0008146672135404111,
            "max": 0.3957463233255275,
            "count": 70
        },
        "DumFugl.Losses.ValueLoss.sum": {
            "value": 0.034867900874300486,
            "min": 0.006517337708323289,
            "max": 3.16597058660422,
            "count": 70
        },
        "DumFugl.Policy.LearningRate.mean": {
            "value": 0.00029583271638909496,
            "min": 0.00029583271638909496,
            "max": 0.00029997195429506284,
            "count": 70
        },
        "DumFugl.Policy.LearningRate.sum": {
            "value": 0.0023666617311127597,
            "min": 0.0020724873091709,
            "max": 0.00268731168422944,
            "count": 70
        },
        "DumFugl.Policy.Epsilon.mean": {
            "value": 0.198610905,
            "min": 0.198610905,
            "max": 0.19999065142857142,
            "count": 70
        },
        "DumFugl.Policy.Epsilon.sum": {
            "value": 1.58888724,
            "min": 1.3908291,
            "max": 1.7957705600000005,
            "count": 70
        },
        "DumFugl.Policy.Beta.mean": {
            "value": 0.0005,
            "min": 0.0005,
            "max": 0.0005,
            "count": 70
        },
        "DumFugl.Policy.Beta.sum": {
            "value": 0.004,
            "min": 0.0035,
            "max": 0.0045000000000000005,
            "count": 70
        },
        "DumFugl.IsTraining.mean": {
            "value": 1.0,
            "min": 1.0,
            "max": 1.0,
            "count": 70
        },
        "DumFugl.IsTraining.sum": {
            "value": 1.0,
            "min": 1.0,
            "max": 1.0,
            "count": 70
        }
    },
    "metadata": {
        "timer_format_version": "0.1.0",
        "start_time_seconds": "1709388228",
        "python_version": "3.9.13 (tags/v3.9.13:6de2ca5, May 17 2022, 16:36:42) [MSC v.1929 64 bit (AMD64)]",
        "command_line_arguments": "C:\\Users\\August\\Bootleg-Flappy-Bird\\venv\\Scripts\\mlagents-learn config/DumFugl.yaml --time-scale=10 --run-id=children --force",
        "mlagents_version": "0.30.0",
        "mlagents_envs_version": "0.30.0",
        "communication_protocol_version": "1.5.0",
        "pytorch_version": "2.2.1+cpu",
        "numpy_version": "1.21.2",
        "end_time_seconds": "1709388432"
    },
    "total": 204.4075299,
    "count": 1,
    "self": 0.002480099999985441,
    "children": {
        "run_training.setup": {
            "total": 0.04779929999999988,
            "count": 1,
            "self": 0.04779929999999988
        },
        "TrainerController.start_learning": {
            "total": 204.3572505,
            "count": 1,
            "self": 0.5609320999967622,
            "children": {
                "TrainerController._reset_env": {
                    "total": 2.8277358,
                    "count": 1,
                    "self": 2.8277358
                },
                "TrainerController.advance": {
                    "total": 200.91978860000322,
                    "count": 70418,
                    "self": 0.5409442000016895,
                    "children": {
                        "env_step": {
                            "total": 149.7827112999992,
                            "count": 70418,
                            "self": 117.33624700000044,
                            "children": {
                                "SubprocessEnvManager._take_step": {
                                    "total": 32.07795470000154,
                                    "count": 70418,
                                    "self": 1.6171551000009359,
                                    "children": {
                                        "TorchPolicy.evaluate": {
                                            "total": 30.460799600000605,
                                            "count": 70156,
                                            "self": 30.460799600000605
                                        }
                                    }
                                },
                                "workers": {
                                    "total": 0.3685095999972141,
                                    "count": 70417,
                                    "self": 0.0,
                                    "children": {
                                        "worker_root": {
                                            "total": 200.9866972000006,
                                            "count": 70417,
                                            "is_parallel": true,
                                            "self": 109.95528049999909,
                                            "children": {
                                                "steps_from_proto": {
                                                    "total": 0.0002301999999998472,
                                                    "count": 1,
                                                    "is_parallel": true,
                                                    "self": 0.0001263999999996379,
                                                    "children": {
                                                        "_process_rank_one_or_two_observation": {
                                                            "total": 0.00010380000000020928,