{
    "name": "root",
    "gauges": {
        "DumFugl.Policy.Entropy.mean": {
            "value": -1.1920863585146435e-07,
            "min": -1.1920885611971244e-07,
            "max": -1.1877094863166349e-07,
            "count": 20
        },
        "DumFugl.Policy.Entropy.sum": {
            "value": -0.00011920863471459597,
            "min": -0.00011930113396374509,
            "max": -0.00011877094948431477,
            "count": 20
        },
        "DumFugl.Environment.EpisodeLength.mean": {
            "value": 12.88888888888889,
            "min": 12.88888888888889,
            "max": 12.902777777777779,
            "count": 20
        },
        "DumFugl.Environment.EpisodeLength.sum": {
            "value": 928.0,
            "min": 928.0,
            "max": 929.0,
            "count": 20
        },
        "DumFugl.Step.mean": {
            "value": 19987.0,
            "min": 987.0,
            "max": 19987.0,
            "count": 20
        },
        "DumFugl.Step.sum": {
            "value": 19987.0,
            "min": 987.0,
            "max": 19987.0,
            "count": 20
        },
        "DumFugl.Policy.ExtrinsicValueEstimate.mean": {
            "value": -0.6913553476333618,
            "min": -17.541635513305664,
            "max": -0.6913553476333618,
            "count": 20
        },
        "DumFugl.Policy.ExtrinsicValueEstimate.sum": {
            "value": -49.777584075927734,
            "min": -1245.4560546875,
            "max": -49.777584075927734,
            "count": 20
        },
        "DumFugl.Environment.CumulativeReward.mean": {
            "value": -1.0,
            "min": -1.0,
            "max": -1.0,
            "count": 20
        },
        "DumFugl.Environment.CumulativeReward.sum": {
            "value": -72.0,
            "min": -72.0,
            "max": -71.0,
            "count": 20
        },
        "DumFugl.Policy.ExtrinsicReward.mean": {
            "value": -1.0,
            "min": -1.0,
            "max": -1.0,
            "count": 20
        },
        "DumFugl.Policy.ExtrinsicReward.sum": {
            "value": -72.0,
            "min": -72.0,
            "max": -71.0,
            "count": 20
        },
        "DumFugl.Losses.PolicyLoss.mean": {
            "value": 0.2564944055132092,
            "min": 0.21666128227313958,
            "max": 0.2564944055132092,
            "count": 20
        },
        "DumFugl.Losses.PolicyLoss.sum": {
            "value": 2.3084496496188827,
            "min": 1.8868269320351607,
            "max": 2.3084496496188827,
            "count": 20
        },
        "DumFugl.Losses.ValueLoss.mean": {
            "value": 0.9967462851172814,
            "min": 0.08014734073695712,
            "max": 282.46033220661974,
            "count": 20
        },
        "DumFugl.Losses.ValueLoss.sum": {
            "value": 8.970716566055533,
            "min": 0.721326066632614,
            "max": 2259.682657652958,
            "count": 20
        },
        "DumFugl.Policy.LearningRate.mean": {
            "value": 0.0002988332803889067,
            "min": 0.0002988332803889067,
            "max": 0.00029996994751001747,
            "count": 20
        },
        "DumFugl.Policy.LearningRate.sum": {
            "value": 0.00268949952350016,
            "min": 0.0023997595800801397,
            "max": 0.0026992195202601597,
            "count": 20
        },
        "DumFugl.Policy.Epsilon.mean": {
            "value": 0.19961109333333335,
            "min": 0.19961109333333335,
            "max": 0.1999899825,
            "count": 20
        },
        "DumFugl.Policy.Epsilon.sum": {
            "value": 1.79649984,
            "min": 1.59991986,
            "max": 1.7997398400000002,
            "count": 20
        },
        "DumFugl.Policy.Beta.mean": {
            "value": 0.0005,
            "min": 0.0005,
            "max": 0.0005,
            "count": 20
        },
        "DumFugl.Policy.Beta.sum": {
            "value": 0.0045000000000000005,
            "min": 0.004,
            "max": 0.0045000000000000005,
            "count": 20
        },
        "DumFugl.IsTraining.mean": {
            "value": 1.0,
            "min": 1.0,
            "max": 1.0,
            "count": 20
        },
        "DumFugl.IsTraining.sum": {
            "value": 1.0,
            "min": 1.0,
            "max": 1.0,
            "count": 20
        }
    },
    "metadata": {
        "timer_format_version": "0.1.0",
        "start_time_seconds": "1709314674",
        "python_version": "3.9.13 (tags/v3.9.13:6de2ca5, May 17 2022, 16:36:42) [MSC v.1929 64 bit (AMD64)]",
        "command_line_arguments": "C:\\Users\\August\\Bootleg-Flappy-Bird\\venv\\Scripts\\mlagents-learn --force --run-id=20 config/DumFugl.yaml --time-scale=10",
        "mlagents_version": "0.30.0",
        "mlagents_envs_version": "0.30.0",
        "communication_protocol_version": "1.5.0",
        "pytorch_version": "2.2.1+cpu",
        "numpy_version": "1.21.2",
        "end_time_seconds": "1709314831"
    },
    "total": 156.2640991,
    "count": 1,
    "self": 0.004859600000003184,
    "children": {
        "run_training.setup": {
            "total": 0.04740440000000001,
            "count": 1,
            "self": 0.04740440000000001
        },
        "TrainerController.start_learning": {
            "total": 156.2118351,
            "count": 1,
            "self": 0.18563189999983365,
            "children": {
                "TrainerController._reset_env": {
                    "total": 6.6095046,
                    "count": 1,
                    "self": 6.6095046
                },
                "TrainerController.advance": {
                    "total": 149.34975760000015,
                    "count": 21445,
                    "self": 0.16818850000021257,
                    "children": {
                        "env_step": {
                            "total": 130.39347770000003,
                            "count": 21445,
                            "self": 120.28414020000172,
                            "children": {
                                "SubprocessEnvManager._take_step": {
                                    "total": 9.991165999999357,
                                    "count": 21445,
                                    "self": 0.4881699999993234,
                                    "children": {
                                        "TorchPolicy.evaluate": {
                                            "total": 9.502996000000033,
                                            "count": 20464,
                                            "self": 9.502996000000033
                                        }
                                    }
                                },
                                "workers": {
                                    "total": 0.11817149999895715,
                                    "count": 21444,
                                    "self": 0.0,
                                    "children": {
                                        "worker_root": {
                                            "total": 68.97327119999953,
                                            "count": 21444,
                                            "is_parallel": true,
                                            "self": 37.774110599998984,
                                            "children": {
                                                "steps_from_proto": {
                                                    "total": 0.00022810000000017538,
                                                    "count": 1,
                                                    "is_parallel": true,
                                                    "self": 0.00012740000000022178,